language,estonia,latvia,lithuania,in_order
eo,estonujo,latvujo,litovujo,True
kk_Arab,ەستونيا,لاتۆيا,ليتۆا,False
rm,estonia,lettonia,lituania,True
ab,естониа,латвиа,литва,True
bew,èstlan,lètlan,litowen,True
ebu,estonia,lativia,litwania,True
lv,igaunija,latvija,lietuva,True
ko,에스토니아,라트비아,리투아니아,False
cs,estonsko,lotyšsko,litva,False
tk,estoniýa,latwiýa,litwa,True
tok,ma esi,ma lawi,ma lijatuwa,True
tt,эстония,латвия,литва,False
mzn,استونی,لاتویا,لتونی,True
en,estonia,latvia,lithuania,True
ak,ɛstonia,latvia,lituwenia,True
bm,esetoni,letoni,lituyani,True
so,estooniya,latfiya,lituweeniya,True
bal_Latn,estóniá,latwiá,lituániá,True
la,estonia,lettonia,lituania,True
ia,estonia,lettonia,lituania,True
zh,爱沙尼亚,拉脱维亚,立陶宛,True
oc,estònia,letònia,lituània,True
sc,estònia,letònia,lituània,True
pa,ਇਸਟੋਨੀਆ,ਲਾਤਵੀਆ,ਲਿਥੁਆਨੀਆ,True
trw,اسٹونیا,لٹویا,لیتھونیا,True
vun,estonia,lativia,litwania,True
rn,esitoniya,lativa,lituwaniya,True
bn,এস্তোনিয়া,লাটভিয়া,লিথুয়ানিয়া,True
tig,ኤስቶኒያ,ላትቪያ,ሊቱዌኒያ,False
hi,एस्टोनिया,लातविया,लिथुआनिया,True
mas,estonia,lativia,litwania,True
am,ኤስቶኒያ,ላትቪያ,ሊቱዌኒያ,False
as,ইষ্টোনিয়া,লাটভিয়া,লিথুৱানিয়া,True
tzm,isṭunya,liṭṭunya,litwanya,True
xnr,एस्टोनिया,लातविया,लिथुआनिया,True
sat,ᱮᱥᱴᱚᱱᱤᱭᱟ,ᱞᱟᱛᱣᱤᱭᱟ,ᱞᱤᱛᱷᱩᱣᱟᱱᱤᱭᱟ,False
fy,estlân,letlân,litouwen,True
my,အက်စတိုးနီးယား,လတ်ဗီးယား,လစ်သူဝေးနီးယား,False
kok,एस्टोनिया,लाटविया,लितुआनिया,True
fi,viro,latvia,liettua,False
lg,esitoniya,lativya,lisuwenya,True
fil,estonia,latvia,lithuania,True
dav,estonia,lativia,litwania,True
fr,estonie,lettonie,lituanie,True
lag,estonía,lativia,lisuánia,True
kaa,эстония,латвия,литва,False
tg,эстония,латвия,литва,False
ksh,äßland,lätland,littaue,True
ar,إستونيا,لاتفيا,ليتوانيا,True
el,εσθονία,λετονία,λιθουανία,True
fo,estland,lettland,litava,True
cop,ϯⲉⲥⲑⲟⲛⲓⲁ,ϯⲗⲁⲑⲃⲓⲁ,ϯⲗⲓⲑⲟⲩⲁⲛⲓⲁ,True
de,estland,lettland,litauen,True
syr,ܐܣܛܘܢܝܐ,ܠܐܛܒܝܐ,ܠܬܘܢܝܐ,True
da,estland,letland,litauen,True
ru,эстония,латвия,литва,False
bo,ཨིསྟོ་ནི་ཡ།,ལཏ་བི་ཡ།,ལི་ཐུ་ཨེ་ནི་ཡ།,False
mfe,estoni,letoni,lituani,True
cgg,esitoniya,latviya,lithuania,True
sms,viro,latviajânnam,liettua,False
rof,estonia,lativia,litwania,True
sq,estoni,letoni,lituani,True
yue,愛沙尼亞,拉脫維亞,立陶宛,False
za,aisahnizya,lahdozveizya,lizdauzvanj,True
szl,estōnijo,łotwa,litwa,False
wae,eštland,lettland,litaue,True
nds,eestland,lettland,litauen,True
kok_Latn,estonia,latvia,lithuania,True
lo,ເອສໂຕເນຍ,ລັດເວຍ,ລິທົວເນຍ,False
az,estoniya,latviya,litva,True
ckb,ئیستۆنیا,لاتڤیا,لیتوانایا,True
kxv_Deva,एस्टोनिया,लातविया,लितुआनिया,True
th,เอสโตเนีย,ลัตเวีย,ลิทัวเนีย,False
te,ఎస్టోనియా,లాత్వియా,లిథువేనియా,True
scn,estonia,littonia,lituania,True
nl,estland,letland,litouwen,True
to,ʻesitōnia,lativia,lituania,False
mr,एस्टोनिया,लाटव्हिया,लिथुआनिया,True
yo,esitonia,latifia,lituania,True
uk,естонія,латвія,литва,True
kea,stónia,letónia,lituánia,False
nd,estonia,latvia,lithuania,True
ug,ئېستونىيە,لاتۋىيە,لىتۋانىيە,True
af,estland,letland,litaue,True
lt,estija,latvija,lietuva,True
ka,ესტონეთი,ლატვია,ლიეტუვა,True
be,эстонія,латвія,літва,False
mk,естонија,латвија,литванија,True
ccp,𑄆𑄌𑄴𑄖𑄮𑄚𑄨𑄠,𑄣𑄖𑄴𑄞𑄨𑄠,𑄣𑄨𑄗𑄪𑄠𑄚𑄨𑄠,True
fa_AF,استونیا,لاتویا,لتوانیا,True
mi,etōnia,rāwhia,rituānia,True
teo,estonia,lativia,litwania,True
qu,estonia,letonia,lituania,True
ku,estonya,letonya,lîtvanya,True
mer,estonia,lativia,lithuania,True
si,එස්තෝනියාව,ලැට්වියාව,ලිතුවේනියාව,True
pt,estônia,letônia,lituânia,True
ml,എസ്റ്റോണിയ‍,ലാറ്റ്വിയ,ലിത്വാനിയ,True
br,estonia,latvia,lituania,True
or,ଏସ୍ତୋନିଆ,ଲାଟଭିଆ,ଲିଥୁଆନିଆ,True
fa,استونی,لتونی,لیتوانی,True
gd,an eastoin,an laitbhe,an liotuain,True
uz_Cyrl,эстония,латвия,литва,False
sn,estonia,latvia,lithuania,True
he,אסטוניה,לטביה,ליטא,True
chr,ꭱꮝꮩꮒꮿ,ꮃꮨꮻꭰ,ꮅꮧꮺꮒꭰ,True
bs_Cyrl,естонија,латвија,литванија,True
hsb,estiska,letiska,litawska,True
hr,estonija,latvija,litva,True
co,estonia,lettonia,lituania,True
bas,èstonìà,làdvià,lìtùanìà,True
ta,எஸ்டோனியா,லாட்வியா,லிதுவேனியா,True
se,estlánda,látvia,lietuva,True
ur,اسٹونیا,لٹویا,لیتھونیا,True
vi,estonia,latvia,litva,True
ti,ኤስቶንያ,ላትቭያ,ሊትዌንያ,False
ha,estoniya,litibiya,lituweniya,True
wal,ኤስቶኒያ,ላትቪያ,ሊቱዌኒያ,False
dje,estooni,letooni,lituaani,True
ja,エストニア,ラトビア,リトアニア,True
kam,estonia,lativia,litwania,True
pcm,ẹstónia,látvia,lituénia,True
naq,estoniab,latvia,lithuaniab,True
ga,an eastóin,an laitvia,an liotuáin,True
luy,estonia,lativia,litwania,True
khq,estooni,letooni,lituaani,True
smn,eestieennâm,latvia,liettua,True
ro,estonia,letonia,lituania,True
shi,ⵉⵙⵜⵓⵏⵢⴰ,ⵍⴰⵜⴼⵢⴰ,ⵍⵉⵜⵡⴰⵏⵢⴰ,True
nmg,ɛstonia,latvia,lituaniá,True
ce,эстони,латви,литва,False
sd,ايسٽونيا,لاتويا,لٿونيا,True
ks,ایسٹونِیا,لیٹوِیا,لِتھُوانِیا,False
guz,estonia,lativia,litwania,True
xh,e-estonia,elatvia,elithuania,True
rwk,estonia,lativia,litwania,True
sg,estonïi,letonùii,lituanïi,True
ca,estònia,letònia,lituània,True
ewo,esetoní,lətoní,lituaní,True
mua,estoniya,letoniya,lituaniya,True
mn,эстони,латви,литва,False
ast,estonia,letonia,lituania,True
zgh,ⵉⵙⵜⵓⵏⵢⴰ,ⵍⴰⵜⴼⵢⴰ,ⵍⵉⵜⵡⴰⵏⵢⴰ,True
ky,эстония,латвия,литва,False
lij,estònia,lettònia,lituania,True
kln,emetab estonia,emetab latvia,emetab lithuania,True
dz,ཨེས་ཊོ་ནི་ཡ,ལཊ་བི་ཡ,ལི་ཐུ་ཝེ་ནི་ཡ,False
ee,estonia nutome,latvia nutome,lituania nutome,True
ne,इस्टोनिया,लाट्भिया,लिथुएनिया,True
nyn,esitoniya,latviya,lithuania,True
gl,estonia,letonia,lituania,True
en_Dsrt,𐐯𐑅𐐻𐐬𐑌𐐨𐐲,𐑊𐐰𐐻𐑂𐐨𐐲,𐑊𐐮𐑃𐐲𐐶𐐩𐑌𐐨𐐲,False
km,អេស្តូនី,ឡេតូនី,លីទុយអានី,False
id,estonia,latvia,lituania,True
luo,estonia,latvia,lithuania,True
shi_Latn,istunya,latfya,litwanya,True
ie,estonia,lettonia,lituania,True
hu,észtország,lettország,litvánia,True
ceb,estonia,latvia,lithuania,True
et,eesti,läti,leedu,False
sr_Latn,estonija,letonija,litvanija,True
prg,estantauta,lattawa,laītawa,False
sl,estonija,latvija,litva,True
fur,estonie,letonie,lituanie,True
hy,էստոնիա,լատվիա,լիտվա,True
shn,ဢႄႇသတူဝ်းၼီးယႃး,လၢတ်ႈဝီႇယႃႇ,လီႉတူႇဝေးၼီးယႃး,False
wo,estoni,letoni,litiyani,True
ksf,ɛstoní,lɛtoní,litwaní,True
cy,estonia,latfia,lithwania,True
gez,ኤስቶኒያ,ላትቪያ,ሊቱዌኒያ,False
dsb,estniska,letiska,litawska,True
vai_Latn,ɛsitóninya,lativiya,lituweninya,True
kxv,esṭoniya,laṭviya,liṭuaania,True
bs,estonija,latvija,litvanija,True
lld,estonia,letonia,lituania,True
ksb,estonia,lativia,litwania,True
bez,huestonia,hulativia,hulitwania,True
ln,esitoni,letoni,litwani,True
an,estonia,letonia,lituania,True
byn,ኤስቶኒያ,ላትቪያ,ሊቱዌኒያ,False
kab,istunya,latvia,liṭwanya,True
cv,эстони,латви,литва,False
gsw,eestland,lettland,littaue,True
xog,esitoniya,lativya,lisuwenya,True
blo,ɛstoniya,lɛtfiya,lituwaniya,True
kl,estlandi,letlandi,litaueni,True
zu,i-estonia,i-latvia,i-lithuania,True
ff_Adlm,𞤫𞤧𞤼𞤮𞤲𞤭𞤴𞤢𞥄,𞤤𞤢𞤼𞤾𞤭𞤴𞤢,𞤤𞤭𞤼𞤵𞤾𞤢,False
no,estland,latvia,litauen,True
sw,estonia,latvia,lithuania,True
lb,estland,lettland,litauen,True
kde,estonia,lativia,litwania,True
ig,estonia,latvia,lithuania,True
mg,estonia,letonia,litoania,True
lu,esitoni,letoni,litwani,True
mai,एस्टोनिया,लातविया,लिथुआनिया,True
twq,estooni,letooni,lituaani,True
yue_Hans,爱沙尼亚,拉脱维亚,立陶宛,True
kn,ಎಸ್ಟೋನಿಯಾ,ಲಾಟ್ವಿಯಾ,ಲಿಥುವೇನಿಯಾ,True
yrl,isituniya,retuniya,rituwãniya,True
uz,estoniya,latviya,litva,True
sv,estland,lettland,litauen,True
ki,estonia,lativia,litwania,True
jv,éstonia,latvia,litowen,True
gu,એસ્ટોનિયા,લાત્વિયા,લિથુઆનિયા,True
tr,estonya,letonya,litvanya,True
sk,estónsko,lotyšsko,litva,False
ses,estooni,letooni,lituaani,True
ms,estonia,latvia,lithuania,True
bg,естония,латвия,литва,True
az_Cyrl,естонија,латвија,литва,True
ff,estoni,letonii,lituaanii,True
kk,эстония,латвия,литва,False
om,istooniyaa,lativiyaa,lutaaniyaa,True
yav,ɛstoni,letoní,litiyaní,True
ba,эстония,латвия,литва,False
rif,istunya,latevya,litwanya,True
es,estonia,letonia,lituania,True
nqo,ߋߛߑߕߏߣߌ߫,ߟߋߕߏߣߌ߫,ߟߎߕߎ߳ߦߊߣߌ߫,True
agq,èsɨ̀tonyìa,làtɨva,lètwǎnyìa,True
jmc,estonia,lativia,litwania,True
ps,استونیا,ليتهويا,لیتوانیا,True
kxv_Orya,ଏସ୍ଟନିଆ,ଲାତ୍‍ୱିୟା,ଲିତୁଆନିଆ,True
pl,estonia,łotwa,litwa,False
eu,estonia,letonia,lituania,True
yi,עסטלאַנד,לעטלאַנד,ליטע,False
vai,ꗡꔻꕿꕇꕰ,ꕞꔳꔲꕩ,ꔷꖤꔃꕇꕰ,False
frr,eestlun,letlun,litauen,True
sr,естонија,летонија,литванија,True
sbp,esitoniya,lativiya,litwaniya,True
brx,एस्ट’निया,लाटभीया,लिथुआनिया,True
mt,l-estonja,il-latvja,il-litwanja,False
it,estonia,lettonia,lituania,True
myv,эстэнь мастор,латвия,литва,False
vec,estonia,letonia,lituania,True
is,eistland,lettland,litháen,True
saq,estonia,lativia,litwania,True
zh_Hant,愛沙尼亞,拉脫維亞,立陶宛,False
sah,эстония,латвия,литва,False
kgp,enhtonĩja,retãnĩja,rituỹnĩja,True
asa,ethtonia,lativia,litwania,True
kxv_Telu,ఎస్టోనియా,లాత్వియా,లీతువేనియ,True
seh,estônia,letônia,lituânia,True
